dataset,group,matrix_dim,matrix_nnz,matrix_sparsity,vector_nnz,vector_sparsity,mode,cores,scf_median_s,splyce_median_s
Pres_Poisson,ACUSIM,14822,715804,0.9967417792655274,59,0.9967417792655274,multicore,32,0.000222,0.000163
3elt,AG-Monien,4720,27444,0.9987681341568515,5,0.9987681341568515,multicore,32,1.6e-05,1.5e-05
G2_circuit,AMD,150102,726674,0.9999677472564227,5,0.9999677472564227,multicore,32,0.000191,0.000176
onetone1,ATandT,36057,335552,0.9997419043696141,8,0.9997419043696141,multicore,32,8.3e-05,7.3e-05
Alemdar,Alemdar,6245,42581,0.998908180187064,4,0.998908180187064,multicore,32,1.9e-05,1.7e-05
Andrews,Andrews,60000,760154,0.9997888461111111,18,0.9997888461111111,multicore,32,0.000321,0.000168
net100,Andrianov,29920,2033200,0.9977287919299951,73,0.9977287919299951,multicore,32,0.001006,0.000923
jazz,Arenas,198,5484,0.8601163146617692,28,0.8601163146617692,multicore,32,8e-06,1e-05
epb1,Averous,14734,95053,0.9995621508637613,8,0.9995621508637613,multicore,32,3.8e-05,3.2e-05
cdde1,Bai,961,4681,0.9949313551072472,9,0.9949313551072472,multicore,32,8e-06,8e-06
Chem97ZtZ,Bates,2541,7361,0.9988599405793782,2,0.9988599405793782,multicore,32,1.1e-05,1.1e-05
human_gene1,Belcastro,22283,24669643,0.9503161154202866,1109,0.9503161154202866,multicore,32,0.010706,0.006624
BenElechi1,BenElechi,245874,13150496,0.9997824711217408,52,0.9997824711217408,multicore,32,0.006048,0.005432
ted_B_unscaled,Bindel,10605,144579,0.9987144651017941,14,0.9987144651017941,multicore,32,0.000134,0.000113
CurlCurl_2,Bodendiek,806529,8921789,0.9999862844896407,12,0.9999862844896407,multicore,32,0.003088,0.002403
bcsstk38,Boeing,8032,355460,0.9944901048197647,48,0.9944901048197647,multicore,32,0.000251,0.000165
circuit_1,Bomhof,2624,35823,0.9947972340217877,17,0.9947972340217877,multicore,32,7.5e-05,8e-05
thermomech_TK,Botonakis,102158,711558,0.9999318186585042,12,0.9999318186585042,multicore,32,0.000558,0.00038
atmosmodj,Bourchtein,1270432,8814880,0.9999945384796555,13,0.99999,multicore,32,0.00451,0.003506
rma10,Bova,46835,2329092,0.9989381929745275,39,0.9989381929745275,multicore,32,0.001214,0.000671
coater1,Brethour,1348,19457,0.9892923024769084,15,0.9892923024769084,multicore,32,9.5e-05,5.2e-05
thermal,Brunetiere,3456,66528,0.9944299768518519,23,0.9944299768518519,multicore,32,7.9e-05,6.4e-05
t2em,CEMW,921632,4590832,0.9999945952413007,11,0.99999,multicore,32,0.001925,0.001917
cz2548,CPM,2548,25674,0.9960454716846284,11,0.9960454716846284,multicore,32,5.6e-05,5.7e-05
sts4098,Cannizzo,4098,72356,0.9956914549134301,21,0.9956914549134301,multicore,32,8.1e-05,7.1e-05
denormal,Castrillon,89400,1156224,0.9998553338438209,13,0.9998553338438209,multicore,32,0.000621,0.000423
pkustk03,Chen,63336,3130416,0.9992196295949024,47,0.9992196295949024,multicore,32,0.001648,0.000784
k3plates,Cunningham,11107,378927,0.9969284187503747,41,0.9969284187503747,multicore,32,0.000264,0.000143
s2rmt3m1,Cylshell,5489,217681,0.9927750630361901,40,0.9927750630361901,multicore,32,0.000134,0.000106
mn2010,DIMACS10,259777,1227102,0.9999818164251022,12,0.9999818164251022,multicore,32,0.001502,0.000848
thread,DNVS,29736,4444880,0.994973161362814,148,0.994973161362814,multicore,32,0.002173,0.001133
cavity10,DRIVCAV,2597,76171,0.9887060526726656,30,0.9887060526726656,multicore,32,8.1e-05,6.5e-05
dielFilterV2real,Dziekonski,1157456,48538952,0.9999637689088039,51,0.9999637689088039,multicore,32,0.020034,0.010731
ifiss_mat,Embree,96307,3599932,0.9996118687704185,40,0.9996118687704185,multicore,32,0.00211,0.001045
airfoil_2d,Engwirda,14214,259688,0.9987146563408363,23,0.9987146563408363,multicore,32,0.000104,7.6e-05
sme3Da,FEMLAB,12504,874887,0.9944043050177878,82,0.9944043050177878,multicore,32,0.000695,0.000315
uni_chimera_i1,FlowIPM22,100000,1100592,0.9998899408,19,0.9998899408,multicore,32,0.001017,0.000303
PR02R,Fluorem,161070,8185136,0.9996845020203851,49,0.9996845020203851,multicore,32,0.004115,0.002227
Freescale2,Freescale,2999349,14313235,0.9999984089501148,27,0.99999,multicore,32,0.015571,0.010854
ncvxqp5,GHS_indef,62500,424966,0.999891208704,5,0.999891208704,multicore,32,0.000109,8.8e-05
copter2,GHS_psdef,55476,759952,0.9997530688475423,11,0.9997530688475423,multicore,32,0.000226,0.000151
pesa,Gaertner,11738,79566,0.999422516852222,8,0.999422516852222,multicore,32,3.1e-05,2.8e-05
garon1,Garon,3175,84723,0.9915954615909232,29,0.9915954615909232,multicore,32,3.7e-05,2.3e-05
kmer_P1a,GenBank,139353211,297829984,0.9999999846632105,1389,0.99999,multicore,32,22.173573,21.947185
flickr,Gleich,820878,9837214,0.999985401276395,14,0.999985401276395,multicore,32,0.015059,0.008435
goodwin,Goodwin,7320,324772,0.993938830660814,38,0.993938830660814,multicore,32,8.8e-05,6e-05
graham1,Graham,9035,335472,0.9958903961076169,35,0.9958903961076169,multicore,32,0.000105,6.1e-05
windtunnel_evap2d,Grueninger,8256,109368,0.9983954586938886,6,0.9983954586938886,multicore,32,6.1e-05,4e-05
bayer06,Grund,3008,20715,0.9977105599606723,8,0.9977105599606723,multicore,32,1.7e-05,1.6e-05
G37,Gset,2000,23570,0.9941075,14,0.9941075,multicore,32,2.5e-05,1.5e-05
TEM152078,Guettel,152078,6459326,0.9997207106219239,49,0.9997207106219239,multicore,32,0.001932,0.001353
gupta2,Gupta,62064,4248286,0.9988971048629725,73,0.9988971048629725,multicore,32,0.002419,0.001286
1138_bus,HB,1138,4054,0.9968696044304286,6,0.9968696044304286,multicore,32,8e-06,8e-06
hvdc1,HVDC,24842,158426,0.9997432837605966,8,0.9997432837605966,multicore,32,6e-05,4.6e-05
memplus,Hamm,17758,99147,0.9996855935300439,7,0.9996855935300439,multicore,32,0.000168,9.3e-05
Hamrle2,Hamrle,5952,22162,0.9993744196402763,4,0.9993744196402763,multicore,32,1.7e-05,1.7e-05
Hardesty1,Hardesty,938905,12143314,0.9999862249266077,17,0.9999862249266077,multicore,32,0.00296,0.002392
fd18,Hohn,16428,63406,0.9997650578341751,6,0.9997650578341751,multicore,32,3.6e-05,3.4e-05
jan99jac100sc,Hollinger,34454,190224,0.9998397544378621,8,0.9998397544378621,multicore,32,7.1e-05,6e-05
coupled,IBM_Austin,11341,97193,0.9992443298165368,8,0.9992443298165368,multicore,32,4.1e-05,3.2e-05
trans5,IBM_EDA,116835,749800,0.9999450712760174,7,0.9999450712760174,multicore,32,0.000585,0.000494
msdoor,INPRO,415863,19173163,0.9998891353219845,38,0.9998891353219845,multicore,32,0.008557,0.002998
HTC_336_9129,IPSO,226340,762969,0.9999851069286718,6,0.9999851069286718,multicore,32,0.000522,0.000611
bibd_81_2,JGD_BIBD,3240,3240,0.9996913580246913,2,0.9996913580246913,multicore,32,5.2e-05,5.4e-05
CAG_mat364,JGD_CAG,364,13585,0.8974686028257457,37,0.8974686028257457,multicore,32,5.3e-05,4.7e-05
n3c6-b7,JGD_Homology,6435,51480,0.9987567987567988,10,0.9987567987567988,multicore,32,6.6e-05,6.5e-05
cat_ears_2_1,JGD_Margulies,85,254,0.9648442906574395,3,0.9648442906574395,multicore,32,4.6e-05,4.4e-05
EX3,JGD_SPG,2600,71760,0.9893846153846154,26,0.9893846153846154,multicore,32,0.000134,6.3e-05
Trefethen_300,JGD_Trefethen,300,4678,0.9480222222222222,13,0.9480222222222222,multicore,32,8.7e-05,4.6e-05
Geo_1438,Janna,1437960,60236322,0.9999708683666386,35,0.9999708683666386,multicore,32,0.016302,0.016179
Stanford,Kamvar,281903,2312497,0.9999709007508686,7,0.9999709007508686,multicore,32,0.00153,0.001482
F2,Koutsovasilis,71505,5294285,0.9989645372158594,71,0.9989645372158594,multicore,32,0.002839,0.002012
hollywood-2009,LAW,1139905,113891327,0.9999123497143269,125,0.9999123497143269,multicore,32,0.08449,0.046225
comsol,Langemyr,1500,97645,0.9566022222222222,73,0.9566022222222222,multicore,32,0.000104,0.000113
LeGresley_4908,LeGresley,4908,30482,0.9987345810010966,8,0.9987345810010966,multicore,32,0.000103,6.1e-05
li,Li,22695,1215181,0.9976407139689362,52,0.9976407139689362,multicore,32,0.000666,0.000383
Lin,Lin,256000,1766400,0.999973046875,5,0.999973046875,multicore,32,0.00057,0.00049
powersim,LiuWenzhuo,15838,64424,0.9997431692566106,7,0.9997431692566106,multicore,32,8.7e-05,8.9e-05
bundle1,Lourakis,10581,770811,0.9931151501237152,73,0.9931151501237152,multicore,32,0.00181,0.000927
mawi_201512020030,MAWI,68863315,143414960,0.9999999697574362,667,0.99999,multicore,32,3.578918,3.560491
fp,MKS,7548,834222,0.9853574115591323,113,0.9853574115591323,multicore,32,0.001014,0.00063
semeion_10NN,ML_Graph,1593,22226,0.9912414995139202,15,0.9912414995139202,multicore,32,5.4e-05,5e-05
lhr10c,Mallya,10672,232633,0.9979574171169663,23,0.9979574171169663,multicore,32,0.000154,0.000117
viscorocks,Mancktelow,37762,1133641,0.9992050028555888,35,0.9992050028555888,multicore,32,0.000489,0.000414
eurqsa,Marini,7245,46142,0.9991209377400754,9,0.9991209377400754,multicore,32,0.000114,6.6e-05
marine1,Martin,400320,6226538,0.9999611463282412,14,0.9999611463282412,multicore,32,0.004621,0.001344
tomography,MathWorks,500,28726,0.885096,63,0.885096,multicore,32,5.5e-05,5.2e-05
shallow_water1,MaxPlanck,81920,327680,0.999951171875,2,0.999951171875,multicore,32,0.000152,0.000161
bundle_adj,Mazaheri,513351,20207907,0.9999233181627418,38,0.9999233181627418,multicore,32,0.043182,0.02775
ecology2,McRae,999999,4995991,0.999995003999008,9,0.99999,multicore,32,0.001867,0.001404
Chebyshev2,Muite,2053,18447,0.9956232892166644,12,0.9956232892166644,multicore,32,0.000131,5.5e-05
finan512,Mulvey,74752,596992,0.9998931627064177,8,0.9998931627064177,multicore,32,0.000246,0.000211
mycielskian11,Mycielski,1535,134710,0.9428280406158156,89,0.9428280406158156,multicore,32,0.000117,0.000142
nd6k,ND,18000,6897316,0.978711987654321,377,0.978711987654321,multicore,32,0.004006,0.00265
nasa4704,Nasa,4704,104756,0.9952658252927021,26,0.9952658252927021,multicore,32,0.000161,0.000131
dendrimer,Negre,730,63024,0.8817339088009007,81,0.8817339088009007,multicore,32,7.4e-05,6.4e-05
nemeth14,Nemeth,9506,496144,0.9945094971189644,62,0.9945094971189644,multicore,32,0.000415,0.000186
netscience,Newman,1589,5484,0.9978280508578288,9,0.9978280508578288,multicore,32,4.9e-05,5.1e-05
heart2,Norris,2339,680341,0.8756441557097974,326,0.8756441557097974,multicore,32,0.000411,0.000223
t2dah_a,Oberwolfach,11445,176117,0.9986554725136134,20,0.9986554725136134,multicore,32,0.000173,0.000106
aft01,Okunbor,8205,125567,0.9981348303174185,18,0.9981348303174185,multicore,32,0.000107,8.4e-05
Si34H36,PARSEC,97569,5156379,0.9994583470368893,53,0.9994583470368893,multicore,32,0.002979,0.001654
invextr1_new,POLYFLOW,30412,1793881,0.9980604380017863,48,0.9980604380017863,multicore,32,0.001118,0.000597
CSphd,Pajek,1882,1740,0.9995087415766121,1,0.9995087415766121,multicore,32,5e-05,4.9e-05
barth4,Pothen,6019,40965,0.998869256050529,2,0.998869256050529,multicore,32,6.1e-05,5.8e-05
power197k,PowerSystem,197156,805839,0.9999792686165135,6,0.9999792686165135,multicore,32,0.00178,0.001214
analytics,Precima,303813,2006126,0.9999782657078639,11,0.9999782657078639,multicore,32,0.001916,0.001311
ABACUS_shell_ud,Puri,23412,218484,0.9996013951236351,11,0.9996013951236351,multicore,32,0.000131,0.000121
majorbasis,QLi,160000,1750416,0.999931624375,10,0.999931624375,multicore,32,0.00069,0.000551
case9,QY,14454,147972,0.9992917225043327,7,0.9992917225043327,multicore,32,0.000172,0.000154
viscoplastic1,Quaglino,4326,61166,0.9967315860896783,19,0.9967315860896783,multicore,32,8.1e-05,6.4e-05
rajat10,Rajat,30202,130303,0.9998571490910061,3,0.9998571490910061,multicore,32,0.000103,9.9e-05
laminar_duct3D,Raju,67173,3788857,0.9991603104952476,64,0.9991603104952476,multicore,32,0.002597,0.000807
bips98_606,Rommes,7135,34738,0.9993176348222709,6,0.9993176348222709,multicore,32,7.3e-05,6.8e-05
xenon1,Ronis,48600,1181120,0.9994999407271926,31,0.9994999407271926,multicore,32,0.000675,0.000452
cfd1,Rothberg,70656,1825580,0.999634318681255,22,0.999634318681255,multicore,32,0.000859,0.000399
water_tank,Rudnyi,60740,2035281,0.9994483357979064,35,0.9994483357979064,multicore,32,0.001087,0.000521
soc-sign-Slashdot090216,SNAP,81871,545671,0.9999185913255212,10,0.9999185913255212,multicore,32,0.000554,0.000341
fpga_dcop_38,Sandia,1220,5892,0.9960413867239989,8,0.9960413867239989,multicore,32,5.1e-05,5.1e-05
ecl32,Sanghavi,51993,380415,0.9998592760946348,7,0.9998592760946348,multicore,32,0.00028,0.000156
nlpkkt160,Schenk,8345600,225422112,0.9999967634569827,86,0.99999,multicore,32,0.15386,0.10826
af_shell2,Schenk_AFE,504855,17562051,0.9999310964004178,35,0.9999310964004178,multicore,32,0.00761,0.005885
c-39,Schenk_IBMNA,9271,116587,0.9986435713160411,14,0.9986435713160411,multicore,32,0.000177,0.000138
3D_51448_3D,Schenk_IBMSDS,51448,537038,0.999797106551537,7,0.999797106551537,multicore,32,0.000302,0.000239
barrier2-1,Schenk_ISEI,113076,2129496,0.9998334533297503,19,0.9998334533297503,multicore,32,0.001806,0.001008
shermanACd,Shen,6136,53329,0.9985835777568508,8,0.9985835777568508,multicore,32,6.5e-05,7e-05
shyy41,Shyy,4720,20042,0.9991003842286699,8,0.9991003842286699,multicore,32,5.6e-05,5.8e-05
raefsky4,Simon,19779,1316789,0.9966340510182897,71,0.9966340510182897,multicore,32,0.000765,0.000443
Linux_call_graph,Sorensen,324085,1208908,0.9999884899982288,6,0.9999884899982288,multicore,32,0.001055,0.000593
Ill_Stokes,Szczerba,20896,191368,0.9995617287334461,5,0.9995617287334461,multicore,32,5.9e-05,4.5e-05
ACTIVSg10K,TAMU_SmartGridCenter,20000,135888,0.99966028,5,0.99966028,multicore,32,5e-05,3.8e-05
cbuckle,TKK,13681,676515,0.9963855539677694,51,0.9963855539677694,multicore,32,0.000195,0.000138
utm1700b,TOKAMAK,1700,21509,0.9925574394463668,17,0.9925574394463668,multicore,32,1.2e-05,1.1e-05
TSOPF_FS_b39_c19,TSOPF,76216,1977600,0.9996595556359303,26,0.9996595556359303,multicore,32,0.002346,0.001694
language,Tromble,399130,1216334,0.9999923647352178,5,0.99999,multicore,32,0.000714,0.000538
Dubcova2,UTEP,65025,1030225,0.9997563472245687,20,0.9997563472245687,multicore,32,0.00048,0.000214
2cubes_sphere,Um,101492,1647264,0.9998400811766426,13,0.9998400811766426,multicore,32,0.000438,0.000328
spaceShuttleEntry_3,VDOL,1834,28757,0.9914504173559173,26,0.9914504173559173,multicore,32,1.8e-05,1.4e-05
test1,VLSI,392908,9447535,0.9999388020652313,30,0.9999388020652313,multicore,32,0.00433,0.00239
Zd_Jac3_db,VanVelzen,22835,713907,0.998630886009337,33,0.998630886009337,multicore,32,0.0003,0.00026
av41092,Vavasis,41092,1683902,0.9990027541128269,42,0.9990027541128269,multicore,32,0.001009,0.000884
swang1,Wang,3169,20841,0.9979247325458118,3,0.9979247325458118,multicore,32,1.2e-05,1.2e-05
chem_master1,Watson,40401,201201,0.9998767332614914,7,0.9998767332614914,multicore,32,7.2e-05,6.2e-05
webbase-1M,Williams,1000005,3105536,0.9999968944950551,11,0.99999,multicore,32,0.002663,0.001896
parabolic_fem,Wissgott,525825,3674625,0.9999867098291378,10,0.9999867098291378,multicore,32,0.001172,0.000783
circuit204,YZhou,1020,5883,0.9943454440599769,4,0.9943454440599769,multicore,32,7e-06,7e-06
kkt_power,Zaoui,2063494,12771361,0.9999970006250491,19,0.99999,multicore,32,0.008719,0.006454
Zhao1,Zhao,33861,166453,0.9998548249222254,9,0.9998548249222254,multicore,32,7.1e-05,5.6e-05
hydr1c,Zitney,5308,22592,0.9991981505216848,10,0.9991981505216848,multicore,32,1.9e-05,1.8e-05
cage9,vanHeukelum,3534,41594,0.9966695908034138,15,0.9966695908034138,multicore,32,2e-05,1.8e-05
