dataset,group,shape,nnz,format,mode,cores,scf_median_s,splyce_median_s
Pres_Poisson,ACUSIM,14822x14822,715804,dense,multicore,32,2.435729,1.858303
3elt,AG-Monien,4720x4720,27444,dense,multicore,32,0.101639,0.100844
G2_circuit,AMD,150102x150102,726674,dense,multicore,32,113.374682,112.882925
onetone1,ATandT,36057x36057,335552,dense,multicore,32,6.96466,6.519158
Alemdar,Alemdar,6245x6245,42581,dense,multicore,32,0.240436,0.217564
Andrews,Andrews,60000x60000,760154,dense,multicore,32,29.923779,23.920949
net100,Andrianov,29920x29920,2033200,dense,multicore,32,31.548275,22.011622
jazz,Arenas,198x198,5484,dense,multicore,32,0.000821,0.00037
epb1,Averous,14734x14734,95053,dense,multicore,32,1.006424,1.014164
cdde3,Bai,961x961,4681,dense,multicore,32,0.001536,0.001418
NotreDame_yeast,Barabasi,2114x2114,4480,dense,multicore,32,0.02373,0.021538
Chem97ZtZ,Bates,2541x2541,7361,dense,multicore,32,0.043963,0.044397
human_gene1,Belcastro,22283x22283,24669643,dense,multicore,32,235.303704,104.931732
ted_A,Bindel,10605x10605,424587,dense,multicore,32,1.711232,1.172671
bcsstk38,Boeing,8032x8032,355460,dense,multicore,32,0.747432,0.551822
circuit_1,Bomhof,2624x2624,35823,dense,multicore,32,0.19657,0.12666
thermomech_TK,Botonakis,102158x102158,711558,dense,multicore,32,59.892769,56.159939
rma10,Bova,46835x46835,2329092,dense,multicore,32,32.804634,22.006961
coater1,Brethour,1348x1348,19457,dense,multicore,32,0.009731,0.00444
thermal,Brunetiere,3456x3456,66528,dense,multicore,32,0.092768,0.074314
cz2548,CPM,2548x2548,25674,dense,multicore,32,0.031356,0.03114
sts4098,Cannizzo,4098x4098,72356,dense,multicore,32,0.144386,0.109831
denormal,Castrillon,89400x89400,1156224,dense,multicore,32,41.779747,43.580318
pkustk03,Chen,63336x63336,3130416,dense,multicore,32,43.935742,34.808373
cdde1,Bai,961x961,4681,dense,multicore,32,0.000815,0.00121
ted_B_unscaled,Bindel,10605x10605,144579,dense,multicore,32,0.612921,0.591868
vibrobox,Cote,12328x12328,301700,dense,multicore,32,1.752423,1.234647
k3plates,Cunningham,11107x11107,378927,dense,multicore,32,1.050442,0.86523
s2rmt3m1,Cylshell,5489x5489,217681,dense,multicore,32,0.309514,0.2212
thread,DNVS,29736x29736,4444880,dense,multicore,32,33.335725,19.499097
cavity10,DRIVCAV,2597x2597,76171,dense,multicore,32,0.053715,0.044318
ifiss_mat,Embree,96307x96307,3599932,dense,multicore,32,121.836873,84.510493
airfoil_2d,Engwirda,14214x14214,259688,dense,multicore,32,1.358196,1.194388
sme3Da,FEMLAB,12504x12504,874887,dense,multicore,32,5.228314,2.670701
ex10,FIDAP,2410x2410,54840,dense,multicore,32,0.040276,0.034551
uni_chimera_i1,FlowIPM22,100000x100000,1100592,dense,multicore,32,78.088197,64.925769
PR02R,Fluorem,161070x161070,8185136,dense,multicore,32,314.65419,260.996927
ncvxqp5,GHS_indef,62500x62500,424966,dense,multicore,32,21.502419,20.461646
copter2,GHS_psdef,55476x55476,759952,dense,multicore,32,21.622288,18.104771
pesa,Gaertner,11738x11738,79566,dense,multicore,32,0.720748,0.691153
garon1,Garon,3175x3175,84723,dense,multicore,32,0.12774,0.082108
goodwin,Goodwin,7320x7320,324772,dense,multicore,32,0.574169,0.441125
graham1,Graham,9035x9035,335472,dense,multicore,32,1.063897,0.749356
windtunnel_evap2d,Grueninger,8256x8256,109368,dense,multicore,32,0.827037,0.588792
bayer06,Grund,3008x3008,20715,dense,multicore,32,0.063194,0.062886
G37,Gset,2000x2000,23570,dense,multicore,32,0.044237,0.028955
TEM152078,Guettel,152078x152078,6459326,dense,multicore,32,251.460249,208.71324
gupta2,Gupta,62064x62064,4248286,dense,multicore,32,137.669789,93.560572
1138_bus,HB,1138x1138,4054,dense,multicore,32,0.003212,0.002449
hvdc1,HVDC,24842x24842,158426,dense,multicore,32,3.48722,3.269424
memplus,Hamm,17758x17758,99147,dense,multicore,32,3.694651,3.209187
Hamrle2,Hamrle,5952x5952,22162,dense,multicore,32,0.16543,0.160613
fd18,Hohn,16428x16428,63406,dense,multicore,32,1.246603,1.240112
jan99jac100sc,Hollinger,34454x34454,190224,dense,multicore,32,5.684803,5.644186
coupled,IBM_Austin,11341x11341,97193,dense,multicore,32,0.983351,0.865906
trans5,IBM_EDA,116835x116835,749800,dense,multicore,32,108.907216,99.760083
bibd_81_2,JGD_BIBD,3240x3240,3240,dense,multicore,32,0.042147,0.043031
CAG_mat364,JGD_CAG,364x364,13585,dense,multicore,32,0.003115,0.001554
n3c6-b7,JGD_Homology,6435x6435,51480,dense,multicore,32,0.196354,0.193916
cat_ears_2_1,JGD_Margulies,85x85,254,dense,multicore,32,6.1e-05,0.000107
EX3,JGD_SPG,2600x2600,71760,dense,multicore,32,0.077546,0.052346
Trefethen_300,JGD_Trefethen,300x300,4678,dense,multicore,32,0.000934,0.000267
F2,Koutsovasilis,71505x71505,5294285,dense,multicore,32,185.871645,108.52117
comsol,Langemyr,1500x1500,97645,dense,multicore,32,0.062789,0.026832
LeGresley_4908,LeGresley,4908x4908,30482,dense,multicore,32,0.145887,0.129459
li,Li,22695x22695,1215181,dense,multicore,32,7.572762,5.408581
powersim,LiuWenzhuo,15838x15838,64424,dense,multicore,32,1.21143,1.183726
bundle1,Lourakis,10581x10581,770811,dense,multicore,32,10.455986,9.70359
cell1,Lucifora,7055x7055,30082,dense,multicore,32,0.223425,0.225767
fp,MKS,7548x7548,834222,dense,multicore,32,7.588395,4.11495
semeion_10NN,ML_Graph,1593x1593,22226,dense,multicore,32,0.013172,0.007757
lhr10c,Mallya,10672x10672,232633,dense,multicore,32,0.913481,0.836401
viscorocks,Mancktelow,37762x37762,1133641,dense,multicore,32,11.634765,9.72939
eurqsa,Marini,7245x7245,46142,dense,multicore,32,0.308857,0.287618
tomography,MathWorks,500x500,28726,dense,multicore,32,0.009886,0.004938
shallow_water1,MaxPlanck,81920x81920,327680,dense,multicore,32,32.507569,32.214264
iprob,Meszaros,3001x3001,9000,dense,multicore,32,0.059399,0.057887
MISKnowledgeMap,Moqri,2427x2427,57022,dense,multicore,32,0.076682,0.050404
robot,Morandini,120x120,870,dense,multicore,32,0.000142,8.7e-05
Chebyshev2,Muite,2053x2053,18447,dense,multicore,32,0.057668,0.040014
finan512,Mulvey,74752x74752,596992,dense,multicore,32,28.989958,28.736184
mycielskian11,Mycielski,1535x1535,134710,dense,multicore,32,0.136847,0.08744
nd6k,ND,18000x18000,6897316,dense,multicore,32,35.666231,19.534469
nasa4704,Nasa,4704x4704,104756,dense,multicore,32,0.156699,0.134571
dendrimer,Negre,730x730,63024,dense,multicore,32,0.019138,0.0127
nemeth14,Nemeth,9506x9506,496144,dense,multicore,32,0.979705,0.809344
netscience,Newman,1589x1589,5484,dense,multicore,32,0.004177,0.004544
heart2,Norris,2339x2339,680341,dense,multicore,32,0.396434,0.218995
t2dah_a,Oberwolfach,11445x11445,176117,dense,multicore,32,0.727367,0.708131
aft01,Okunbor,8205x8205,125567,dense,multicore,32,0.368578,0.361526
Si34H36,PARSEC,97569x97569,5156379,dense,multicore,32,159.570816,111.520328
invextr1_new,POLYFLOW,30412x30412,1793881,dense,multicore,32,22.754881,13.319597
CSphd,Pajek,1882x1882,1740,dense,multicore,32,0.003414,0.003863
barth4,Pothen,6019x6019,40965,dense,multicore,32,0.168863,0.168711
ABACUS_shell_ud,Puri,23412x23412,218484,dense,multicore,32,2.698048,2.728838
majorbasis,QLi,160000x160000,1750416,dense,multicore,32,164.320364,154.58577
case9,QY,14454x14454,147972,dense,multicore,32,2.063643,1.700102
viscoplastic1,Quaglino,4326x4326,61166,dense,multicore,32,0.146455,0.1318
rajat10,Rajat,30202x30202,130303,dense,multicore,32,4.10113,4.095713
laminar_duct3D,Raju,67173x67173,3788857,dense,multicore,32,103.820286,63.398397
bips98_606,Rommes,7135x7135,34738,dense,multicore,32,0.265354,0.253389
xenon1,Ronis,48600x48600,1181120,dense,multicore,32,15.857206,15.058072
cfd1,Rothberg,70656x70656,1825580,dense,multicore,32,35.114248,31.812412
water_tank,Rudnyi,60740x60740,2035281,dense,multicore,32,30.577211,25.546883
soc-sign-Slashdot090216,SNAP,81871x81871,545671,dense,multicore,32,55.934684,51.353624
fpga_dcop_38,Sandia,1220x1220,5892,dense,multicore,32,0.004297,0.003364
ecl32,Sanghavi,51993x51993,380415,dense,multicore,32,14.715527,14.258722
c-39,Schenk_IBMNA,9271x9271,116587,dense,multicore,32,1.076261,0.939064
3D_51448_3D,Schenk_IBMSDS,51448x51448,537038,dense,multicore,32,18.398437,16.761802
barrier2-1,Schenk_ISEI,113076x113076,2129496,dense,multicore,32,179.823433,118.679315
thermal1,Schmid,82654x82654,574458,dense,multicore,32,37.985227,36.189012
shermanACd,Shen,6136x6136,53329,dense,multicore,32,0.322833,0.285625
shyy41,Shyy,4720x4720,20042,dense,multicore,32,0.100571,0.100268
raefsky4,Simon,19779x19779,1316789,dense,multicore,32,6.175099,4.163368
Ill_Stokes,Szczerba,20896x20896,191368,dense,multicore,32,2.729452,2.459183
ACTIVSg10K,TAMU_SmartGridCenter,20000x20000,135888,dense,multicore,32,2.344372,2.057396
cbuckle,TKK,13681x13681,676515,dense,multicore,32,2.23482,1.696417
utm1700b,TOKAMAK,1700x1700,21509,dense,multicore,32,0.011002,0.005111
TSOPF_FS_b39_c19,TSOPF,76216x76216,1977600,dense,multicore,32,134.909749,98.254811
Dubcova2,UTEP,65025x65025,1030225,dense,multicore,32,35.547765,28.582224
2cubes_sphere,Um,101492x101492,1647264,dense,multicore,32,71.343942,63.587851
spaceShuttleEntry_3,VDOL,1834x1834,28757,dense,multicore,32,0.01969,0.014237
Zd_Jac3_db,VanVelzen,22835x22835,713907,dense,multicore,32,5.394145,4.784964
av41092,Vavasis,41092x41092,1683902,dense,multicore,32,28.8655,20.455677
swang1,Wang,3169x3169,20841,dense,multicore,32,0.049139,0.046257
chem_master1,Watson,40401x40401,201201,dense,multicore,32,7.351763,7.498735
circuit204,YZhou,1020x1020,5883,dense,multicore,32,0.002741,0.002323
Zhao1,Zhao,33861x33861,166453,dense,multicore,32,5.469786,5.28864
hydr1c,Zitney,5308x5308,22592,dense,multicore,32,0.129478,0.128456
cage9,vanHeukelum,3534x3534,41594,dense,multicore,32,0.074729,0.070413
