dataset,group,matrix_dim,matrix_nnz,matrix_sparsity,tensor_b_nnz,tensor_b_sparsity,mode,cores,scf_median_s,splyce_median_s
3elt,AG-Monien,4720,27444,0.9987681341568515,129530409,0.9987681341568515,multicore,32,0.211817,0.207565
Alemdar,Alemdar,6245,42581,0.998908180187064,265941590,0.998908180187064,multicore,32,0.781853,0.684927
jazz,Arenas,198,5484,0.8601163146617692,1085784,0.8601163146617692,multicore,32,0.010802,0.005504
cdde1,Bai,961,4681,0.9949313551072472,4496262,0.9949313551072472,multicore,32,0.003993,0.003711
NotreDame_yeast,Barabasi,2114,4480,0.9989975377019805,9468799,0.9989975377019805,multicore,32,0.027737,0.028017
Chem97ZtZ,Bates,2541,7361,0.9988599405793782,18707865,0.9988599405793782,multicore,32,0.04312,0.042651
ted_B_unscaled,Bindel,10605,144579,0.9987144651017941,1533286231,0.9987144651017941,multicore,32,2.599887,2.547966
circuit_1,Bomhof,2624,35823,0.9947972340217877,93995484,0.9947972340217877,multicore,32,0.35029,0.274301
coater1,Brethour,1348,19457,0.9892923024769084,26227011,0.9892923024769084,multicore,32,0.076471,0.060115
thermal,Brunetiere,3456,66528,0.9944299768518519,229910540,0.9944299768518519,multicore,32,0.980154,0.653405
cz2548,CPM,2548,25674,0.9960454716846284,65408629,0.9960454716846284,multicore,32,0.125945,0.11188
sts4098,Cannizzo,4098,72356,0.9956914549134301,296495558,0.9956914549134301,multicore,32,1.376554,0.924035
s2rmt3m1,Cylshell,5489,217681,0.9927750630361901,1194866110,0.9927750630361901,multicore,32,6.822528,5.435085
cavity10,DRIVCAV,2597,76171,0.9887060526726656,197831639,0.9887060526726656,multicore,32,0.927007,0.636307
ex10,FIDAP,2410,54840,0.9905580138083022,132160062,0.9905580138083022,multicore,32,0.491842,0.362823
pesa,Gaertner,11738,79566,0.999422516852222,933961554,0.999422516852222,multicore,32,2.398694,2.09614
garon1,Garon,3175,84723,0.9915954615909232,268988060,0.9915954615909232,multicore,32,2.097644,1.15924
windtunnel_evap2d,Grueninger,8256,109368,0.9983954586938886,902931540,0.9983954586938886,multicore,32,6.47961,4.853021
bayer06,Grund,3008,20715,0.9977105599606723,62306729,0.9977105599606723,multicore,32,0.171073,0.158645
G37,Gset,2000,23570,0.9941075,47149524,0.9941075,multicore,32,0.182516,0.134148
1138_bus,HB,1138,4054,0.9968696044304286,4616551,0.9968696044304286,multicore,32,0.005956,0.00617
memplus,Hamm,17758,99147,0.9996855935300439,1760654536,0.9996855935300439,multicore,32,5.536429,5.173271
Hamrle2,Hamrle,5952,22162,0.9993744196402763,131907570,0.9993744196402763,multicore,32,0.27131,0.2665
fd18,Hohn,16428,63406,0.9997650578341751,1041722156,0.9997650578341751,multicore,32,2.429456,2.426883
coupled,IBM_Austin,11341,97193,0.9992443298165368,1102327434,0.9992443298165368,multicore,32,4.104634,3.614054
bibd_81_2,JGD_BIBD,3240,3240,0.9996913580246913,10497743,0.9996913580246913,multicore,32,0.047678,0.047962
CAG_mat364,JGD_CAG,364,13585,0.8974686028257457,4938669,0.8974686028257457,multicore,32,0.061289,0.030132
n3c6-b7,JGD_Homology,6435,51480,0.9987567987567988,331286859,0.9987567987567988,multicore,32,0.575137,0.552359
EX3,JGD_SPG,2600,71760,0.9893846153846154,186568846,0.9893846153846154,multicore,32,1.364329,0.786713
Trefethen_300,JGD_Trefethen,300,4678,0.9480222222222222,1404428,0.9480222222222222,multicore,32,0.006371,0.004139
comsol,Langemyr,1500,97645,0.9566022222222222,146454219,0.9566022222222222,multicore,32,2.870001,1.267534
LeGresley_4908,LeGresley,4908,30482,0.9987345810010966,149596716,0.9987345810010966,multicore,32,0.459237,0.372373
powersim,LiuWenzhuo,15838,64424,0.9997431692566106,1020322864,0.9997431692566106,multicore,32,2.424755,2.35592
semeion_10NN,ML_Graph,1593,22226,0.9912414995139202,35412581,0.9912414995139202,multicore,32,0.162889,0.10537
eurqsa,Marini,7245,46142,0.9991209377400754,334310386,0.9991209377400754,multicore,32,0.85091,0.704692
tomography,MathWorks,500,28726,0.885096,14361726,0.885096,multicore,32,0.270431,0.131302
iprob,Meszaros,3001,9000,0.9990006663334814,26999656,0.9990006663334814,multicore,32,0.054151,0.054321
MISKnowledgeMap,Moqri,2427,57022,0.9903193862346229,138378709,0.9903193862346229,multicore,32,1.022087,0.622934
robot,Morandini,120,870,0.9395833333333333,104145,0.9395833333333333,multicore,32,0.000143,0.000145
Chebyshev2,Muite,2053,18447,0.9956232892166644,37871345,0.9956232892166644,multicore,32,0.057837,0.052416
mycielskian11,Mycielski,1535,134710,0.9428280406158156,206770514,0.9428280406158156,multicore,32,5.55368,3.411738
nasa4704,Nasa,4704,104756,0.9952658252927021,492777124,0.9952658252927021,multicore,32,1.889512,1.41438
dendrimer,Negre,730,63024,0.8817339088009007,46006780,0.8817339088009007,multicore,32,1.176378,0.557087
netscience,Newman,1589,5484,0.9978280508578288,8716447,0.9978280508578288,multicore,32,0.011286,0.011534
heart2,Norris,2339,680341,0.8756441557097974,1591332271,0.8756441557097974,multicore,32,98.186079,55.140737
aft01,Okunbor,8205,125567,0.9981348303174185,1030250691,0.9981348303174185,multicore,32,2.41238,2.458823
CSphd,Pajek,1882,1740,0.9995087415766121,3274497,0.9995087415766121,multicore,32,0.003256,0.003299
barth4,Pothen,6019,40965,0.998869256050529,246555078,0.998869256050529,multicore,32,0.428489,0.406894
viscoplastic1,Quaglino,4326,61166,0.9967315860896783,264610410,0.9967315860896783,multicore,32,0.992427,0.758162
bips98_606,Rommes,7135,34738,0.9993176348222709,247832839,0.9993176348222709,multicore,32,0.562511,0.53308
fpga_dcop_38,Sandia,1220,5892,0.9960413867239989,7189764,0.9960413867239989,multicore,32,0.012323,0.00989
c-39,Schenk_IBMNA,9271,116587,0.9986435713160411,1080843102,0.9986435713160411,multicore,32,4.684843,4.17408
shermanACd,Shen,6136,53329,0.9985835777568508,327251849,0.9985835777568508,multicore,32,1.190091,0.990298
shyy41,Shyy,4720,20042,0.9991003842286699,94577996,0.9991003842286699,multicore,32,0.166519,0.168365
utm1700b,TOKAMAK,1700,21509,0.9925574394463668,36559437,0.9925574394463668,multicore,32,0.094654,0.07401
spaceShuttleEntry_3,VDOL,1834,28757,0.9914504173559173,52733486,0.9914504173559173,multicore,32,0.213146,0.148561
swang1,Wang,3169,20841,0.9979247325458118,66056961,0.9979247325458118,multicore,32,0.12603,0.106854
circuit204,YZhou,1020,5883,0.9943454440599769,6000545,0.9943454440599769,multicore,32,0.010774,0.009528
hydr1c,Zitney,5308,22592,0.9991981505216848,119927744,0.9991981505216848,multicore,32,0.309493,0.291323
cage9,vanHeukelum,3534,41594,0.9966695908034138,146960906,0.9966695908034138,multicore,32,0.454827,0.368695
